"Timestamp","5MMANGL6 - Qualité globale de l'enseignement :","5MMANGL6 - Qualité des supports de l'enseignement :","5MMANGL6 - Pertinence de l'enseignement dans le cursus:","5MMANGL6 - Commentaires:","5MMARC5 - Qualité globale de l'enseignement :","5MMARC5 - Qualité des supports de l'enseignement :","5MMARC5 - Pertinence de l'enseignement dans le cursus:","5MMARC5 - Commentaires:","5MMCTISI - Qualité globale de l'enseignement :","5MMCTISI - Qualité des supports de l'enseignement :","5MMCTISI - Pertinence de l'enseignement dans le cursus:","5MMCTISI - Commentaires:","5MMIM - Qualité globale de l'enseignement :","5MMIM - Qualité des supports de l'enseignement :","5MMIM - Pertinence de l'enseignement dans le cursus:","5MMIM - Commentaires:","5MMISSI6 - Qualité globale de l'enseignement :","5MMISSI6 - Qualité des supports de l'enseignement :","5MMISSI6 - Pertinence de l'enseignement dans le cursus:","5MMISSI6 - Commentaires:","5MMJA - Qualité globale de l'enseignement :","5MMJA - Qualité des supports de l'enseignement :","5MMJA - Pertinence de l'enseignement dans le cursus:","5MMJA - Commentaires:","5MMREX - Ce cours faisait-il partie de tes options ?","5MMREX - Qualité globale de l'enseignement :","5MMREX - Qualité des supports de l'enseignement :","5MMREX - Pertinence de l'enseignement dans le cursus:","5MMREX - Commentaires:","5MMSICP - Qualité globale de l'enseignement :","5MMSICP - Qualité des supports de l'enseignement :","5MMSICP - Pertinence de l'enseignement dans le cursus:","5MMSICP - Commentaires:","5MMSTAG - Ce cours faisait-il partie de tes options ?","5MMSTAG - Qualité globale de l'enseignement :","5MMSTAG - Qualité des supports de l'enseignement :","5MMSTAG - Pertinence de l'enseignement dans le cursus:","5MMSTAG - Commentaires:","5MMTSL6 - Qualité globale de l'enseignement :","5MMTSL6 - Qualité des supports de l'enseignement :","5MMTSL6 - Pertinence de l'enseignement dans le cursus:","5MMTSL6 - Commentaires:","5MMAIWDW - Ce cours faisait-il partie de tes options ?","5MMAIWDW - Qualité globale de l'enseignement :","5MMAIWDW - Qualité des supports de l'enseignement :","5MMAIWDW - Pertinence de l'enseignement dans le cursus:","5MMAIWDW - Commentaires:","5MMAL - Ce cours faisait-il partie de tes options ?","5MMAL - Qualité globale de l'enseignement :","5MMAL - Qualité des supports de l'enseignement :","5MMAL - Pertinence de l'enseignement dans le cursus:","5MMAL - Commentaires:","5MMALL6 - Ce cours faisait-il partie de tes options ?","5MMALL6 - Qualité globale de l'enseignement :","5MMALL6 - Qualité des supports de l'enseignement :","5MMALL6 - Pertinence de l'enseignement dans le cursus:","5MMALL6 - Commentaires:","5MMAPSA - Ce cours faisait-il partie de tes options ?","5MMAPSA - Qualité globale de l'enseignement :","5MMAPSA - Qualité des supports de l'enseignement :","5MMAPSA - Pertinence de l'enseignement dans le cursus:","5MMAPSA - Commentaires:","5MMCOD - Ce cours faisait-il partie de tes options ?","5MMCOD - Qualité globale de l'enseignement :","5MMCOD - Qualité des supports de l'enseignement :","5MMCOD - Pertinence de l'enseignement dans le cursus:","5MMCOD - Commentaires:","5MMDROI6 - Ce cours faisait-il partie de tes options ?","5MMDROI6 - Qualité globale de l'enseignement :","5MMDROI6 - Qualité des supports de l'enseignement :","5MMDROI6 - Pertinence de l'enseignement dans le cursus:","5MMDROI6 - Commentaires:","5MMEPOL6 - Ce cours faisait-il partie de tes options ?","5MMEPOL6 - Qualité globale de l'enseignement :","5MMEPOL6 - Qualité des supports de l'enseignement :","5MMEPOL6 - Pertinence de l'enseignement dans le cursus:","5MMEPOL6 - Commentaires:","5MMGDGE - Ce cours faisait-il partie de tes options ?","5MMGDGE - Qualité globale de l'enseignement :","5MMGDGE - Qualité des supports de l'enseignement :","5MMGDGE - Pertinence de l'enseignement dans le cursus:","5MMGDGE - Commentaires:","5MMIDM - Ce cours faisait-il partie de tes options ?","5MMIDM - Qualité globale de l'enseignement :","5MMIDM - Qualité des supports de l'enseignement :","5MMIDM - Pertinence de l'enseignement dans le cursus:","5MMIDM - Commentaires:","5MMMSSI - Ce cours faisait-il partie de tes options ?","5MMMSSI - Qualité globale de l'enseignement :","5MMMSSI - Qualité des supports de l'enseignement :","5MMMSSI - Pertinence de l'enseignement dans le cursus:","5MMMSSI - Commentaires:","5MMMVSCT - Ce cours faisait-il partie de tes options ?","5MMMVSCT - Qualité globale de l'enseignement :","5MMMVSCT - Qualité des supports de l'enseignement :","5MMMVSCT - Pertinence de l'enseignement dans le cursus:","5MMMVSCT - Commentaires:","5MMPCIS - Ce cours faisait-il partie de tes options ?","5MMPCIS - Qualité globale de l'enseignement :","5MMPCIS - Qualité des supports de l'enseignement :","5MMPCIS - Pertinence de l'enseignement dans le cursus:","5MMPCIS - Commentaires:","5MMPILBI - Ce cours faisait-il partie de tes options ?","5MMPILBI - Qualité globale de l'enseignement :","5MMPILBI - Qualité des supports de l'enseignement :","5MMPILBI - Pertinence de l'enseignement dans le cursus:","5MMPILBI - Commentaires:","5MMRMA2 - Ce cours faisait-il partie de tes options ?","5MMRMA2 - Qualité globale de l'enseignement :","5MMRMA2 - Qualité des supports de l'enseignement :","5MMRMA2 - Pertinence de l'enseignement dans le cursus:","5MMRMA2 - Commentaires:","5MMSANG - Ce cours faisait-il partie de tes options ?","5MMSANG - Qualité globale de l'enseignement :","5MMSANG - Qualité des supports de l'enseignement :","5MMSANG - Pertinence de l'enseignement dans le cursus:","5MMSANG - Commentaires:","5MMSDCA - Ce cours faisait-il partie de tes options ?","5MMSDCA - Qualité globale de l'enseignement :","5MMSDCA - Qualité des supports de l'enseignement :","5MMSDCA - Pertinence de l'enseignement dans le cursus:","5MMSDCA - Commentaires:","5MMSDTD - Ce cours faisait-il partie de tes options ?","5MMSDTD - Qualité globale de l'enseignement :","5MMSDTD - Qualité des supports de l'enseignement :","5MMSDTD - Pertinence de l'enseignement dans le cursus:","5MMSDTD - Commentaires:","5MMTAND - Ce cours faisait-il partie de tes options ?","5MMTAND - Qualité globale de l'enseignement :","5MMTAND - Qualité des supports de l'enseignement :","5MMTAND - Pertinence de l'enseignement dans le cursus:","5MMTAND - Commentaires:","3AISI - Le semestre passé a-t-il globalement correspondu à tes attentes ?","3AISI - Les différents modules sont bien équilibrés.","3AISI - Commentaires:"
"2017/01/18 10:22:00 am CET","5","5","4","","5","5","5","","3","4","3","","4","4","4","","5","4","5","","4","4","6","","Oui","5","3","4","","5","5","3","","Oui","5","5","5","","4","5","5","","Oui","5","5","5","","Oui","6","5","5","","Non","","","","","Oui","6","6","6","","Non","","","","","Oui","5","6","4","","Non","","","","","Non","","","","","Non","","","","","Oui","4","5","6","","Oui","4","6","5","","Non","","","","","Oui","5","4","5","","Oui","6","5","6","","Non","","","","","Non","","","","","Oui","6","4","6","","Non","","","","","3","4",""
"2017/01/18 10:57:46 am CET","6","5","6","","5","2","5","","5","4","5","","4","2","3","","5","5","5","","2","2","2","","Oui","4","6","4","","5","5","5","","Non","","","","","4","5","4","","Oui","5","5","6","","Non","","","","","Non","","","","","Non","","","","","Non","","","","","Oui","5","5","4","","Non","","","","","Oui","5","6","6","","Non","","","","","Oui","5","5","4","","Non","","","","","Oui","4","3","5","","Oui","5","4","5","","Non","","","","","Non","","","","","Oui","3","2","6","","Non","","","","","Non","","","","","4","4",""
"2017/01/18 10:59:40 am CET","5","5","5","","6","6","6","Plus de volume horaires serait apprécié","4","4","4","2 heures sera suffisante","2","2","3","","5","4","5","","4","3","4","","Oui","3","3","3","","5","3","5","","Non","","","","","4","3","5","des seances de TD serons appréciées ","Oui","5","4","5","","Oui","3","3","4","","Non","","","","","Non","","","","","Oui","3","3","5","","Oui","5","4","5","","Non","","","","","Oui","5","3","5","","Non","","","","","Non","","","","","Non","","","","","Non","","","","","Non","","","","","Non","","","","","Oui","4","3","4","","Oui","3","2","3","","Oui","4","4","4","il faut obliger une sorte de mixe entre les étudiants français et étrangés ","Non","","","","","4","5",""
"2017/01/18 11:22:21 am CET","6","6","6","Réponse valable uniquement vis à vis du thème choisi","6","4","6","","3","3","3","","1","1","1","Enseignement intégralement frustrant, consistant en une réédition de divers cours de SCHEME déjà vus au cours des années précédentes, compilés rapidement en un projet à la fois inutile et inintéressant.","4","5","5","","5","5","4","","Oui","4","4","4","","4","4","3","Jugement mitigé car cours en deux parties : Une excellente sur les systèmes d'information géographique, et une médiocre sur le business process management.","Oui","6","6","6","","2","5","3","","Oui","4","4","5","","Non","","","","","Non","","","","","Non","","","","","Non","","","","","Non","","","","","Oui","6","6","6","","Oui","5","5","5","","Non","","","","","Oui","5","6","5","","Non","","","","","Oui","6","4","5","","Non","","","","","Non","","","","","Non","","","","","Oui","2","1","1","","Oui","6","5","6","","Non","","","","","1","1",""
"2017/01/18 11:37:55 am CET","5","5","5","","5","3","5","Le projet est un peu mal mené, on met très longtemps a comprendre ce qu'il faut faire et on se retrouve donc a manquer de temps","3","3","4","DONNEZ UN MICRO AUX INTERVENANTS !!§!§§!§§(!!!) Après des années à ce que la moitié des amphis n'entendent rien, on pourrait se dire que c'est une conclusion logique non???
Sinon, des conférences très intéressantes (wavestone) d'autres pas du tout (critéo). Ce n'est pas inintéressant mais on a du mal a comprendre quel est le but exactemement de ces conférences...","2","1","1","Qu'est-ce que c'est que ce cours ?? On refait ce qu'on a fait en management de l'innovation (même le nom est quasi identique), puis en créativité, puis CECA, le tout sur un sujet imposé et completement inintéressant. Toutes ces heures perdues qui auraient pu être tellement mieux utilisées...
Ce cours n'a absolument aucun intérêt sinon utiliser le maximum de buzzwords à la mode.","5","4","5","Mode de notation intéressant","5","5","5","","Oui","4","4","3","Intéressant, mais avoir a rendre quelque chose ? Sérieusement ?","1","1","1","Si j'ai pu faire croire que Innovation & management était le pire cours de l'année, excusez-m'en. Celui-ci est pire que tout.
Est-ce que c'est une blague? est-ce qu'on nous fait vraiment faire des logigrammes d'organisation en 3A? cherchez-vous toutes les excuses que vous voudrez, ce cours ne sert à RIEN et n'a absoluement rien à faire en 3eme année d'ingé en informatique. Pourquoi pas de l'histoire de l'art aussi? Ou des cours d'excel?","Oui","5","4","6","Il faudra un jour se décider à mettre des informations claires sur les stages quelque part sur le site/intranet/ensiwiki/chamilo.","4","4","4","Je suis le premier a dire que les tests c'est quelque chose d'essentiel. Mais ce qui est présenté en cours est à des années lumieres de la réalité du test en entreprise (y compris les ets qui  testent très bien) ! Ce qui est présenté est inapplicable en réalité, il serait beaucoup plus intéressant et productif de focus sur le TDD, BDD, tests fonctionnels, avec des TP pour mettre ça en oeuvre. Je doute qu'aucun d'entre nous soit armé pour avoir une bonne pratique du test en entreprise après ce cours.

Le projet SIMPA est juste horrible.","Oui","4","4","5","","Oui","5","4","5","Ce cours est assez intéressant mais on manque de support succints (un vrai example complet de tous les diagrammes par ex)","Non","","","","","Non","","","","","Oui","5","5","4","Le projet n'est pas encore passé","Oui","5","5","4","","Non","","","","","Oui","4","4","4","On manque de supports.","Non","","","","","Non","","","","","Non","","","","","Non","","","","","Non","","","","","Non","","","","","Non","","","","","Oui","5","5","5","","Oui","5","5","5","Ce projet est très intéressant, mais beaucoup beaucoup trop lourd en heures par rapport au coeff !!
Notre équipe y a passé plus de temps que le projet GL par exemple. Des dizaines et dizaines d'heure a essayer de faire tourner les logiciels en mode distribué...","Non","","","","","5","4","Nettoyez cet intranet/site/ensiwiki où il est impossible de trouver des information utiles et a jour."
"2017/01/18 12:14:00 pm CET","5","5","6","Très bon cours, beaucoup d'oral [Marie Mas]","6","6","6","Super cours","3","3","4","","2","2","2","","2","3","4","","1","1","1","","Oui","4","3","4","","5","4","3","","Oui","4","4","6","","5","4","5","Cours intéressant mais mal introduit je pense. Plus de TP avec le prof serait bien. ","Oui","3","3","3","","Oui","2","2","5","","Non","","","","","Non","","","","","Non","","","","","Oui","3","3","3","","Non","","","","","Oui","5","4","5","","Oui","3","3","4","","Oui","3","3","3","","Non","","","","","Non","","","","","Oui","3","2","4","","Non","","","","","Non","","","","","Oui","5","5","6","","Oui","6","6","6","","Non","","","","","2","2","Malheureusement, nous devons choisir de nombreuses options alors qu'elle ne nous intéresse pas vraiment. J'ai choisi des options par intéret puis pour combler. Et finalement, je ne suis plus aller en cours. "
"2017/01/18 12:36:20 pm CET","4","5","4","Je me demande à quoi sert l'anglais en dernière année quand on voit qu'à partir du moment où on a passé notre TOEIC en 2A c'est l'équivalent pour eux de ""My job here is done""

Je pratique plus l'anglais tout seul qu'en cours...","5","4","4","Le module de la première partie du semestre est vraiment ""inutile"". On ne comprends pas à quoi ça sert ce qu'on fait (le projet) sur des technos au choix mais quand même différente donc on se retrouve avec des choses pas faite pour le boulot à faire. Avec un G. Mounier au top durant les soutenances pour démonter notre travail avec le sourire. Bref passer des dizaines d'heures sur un projet qui s'avère être ""très loin des attentes"" sachant qu'on avait pas d'instructions précises


Module avec HP vraiment intéressant mais bien trop dur. Il y a énormément de concept qu'on est censé déjà connaître et tout assimiler d'un coup est très compliqué. Revoir les attentes seraient vraiment cool !","2","3","3","Le problème avec les conférences obligatoires c'est :
- on est obligé d'y aller
- on doit quand même y aller quand on connait très bien le sujet
- on doit quand même y aller alors qu'on a assisté à une sous partie lors des années précédentes","1","1","1","On avait déjà tout fait les années précédentes : 
- IHM
- CECA
- Management & innovation
- Créativité
- etc","4","4","4","Le principe des TPs est cool

Pour ma part : 
- la partie cryptographie était trop longue et inutile (voir en détails détails comment fonction un algo symétrique...)
- il manque un aspect ""bonne pratique"" pour éviter ce genre de faille qu'on pourrait appliquer systématiquement dans notre code
","6","6","6","On avait déjà eu des ""centaines"" de présentation mais celle-là apporte vraiment quelque chose.","Oui","4","3","4","Apport des intervenants vraiment utile et conversation pas mal","4","4","3","Bonita ? Vraiment ? Pourquoi ? Sérieusement ?
#JaiPasLesMotsMaisJeLePenseTresFort

Partie SIG comme introduction ultra sympathique
","Oui","4","4","4","","3","3","5","Au lieu d'apprendre des techniques uniquement sur les automates à état finis. Il serait peut-être utile d'apprendre à faire des tests (plus de chance d'écrire des tests que de tester des automates je pense)

C'est un cours de test non ?","Oui","5","5","5","Je note la partie d'Eric sur les moteurs de recherche. Top !

La partie SparQL est un peu plus bordeline, on se demande ce qu'on fait là...","Non","","","","","Non","","","","","Non","","","","","Oui","5","5","5","C'est mes attentes. Ca a l'air cool mais ça n'a pas commencé encore !","Oui","5","5","5","Le plus de droit le plus utile que j'ai eu jusqu'ici
L'intervenante se donne vraiment du mal","Non","","","","","Oui","5","5","5","Cours très diversifiés (un peu trop pour la partie de Claudia)
Intéressant et avec une vraie valeur ajoutée","Non","","","","","Oui","3","3","3","","Non","","","","","Non","","","","","Non","","","","","Non","","","","","Non","","","","","Oui","5","5","5","CF l'autre partie où je pensais que ça parlait déjà de ça.. my bad !

Le cours de Viven Q. est vraiment cool ! 


","Oui","5","5","5","Le projet est très accès gestion de fautes alors que le titre sous-entend qu'on va effectuer de vrais traitements sur les données...

A part ça c'est intéressant","Non","","","","","5","5","Malgré les centaines de projets et les profs qui ne regardent pas ce que les autres donnent comme boulot et pensent être seul...

Beaucoup beaucoup de scrypting (installation, configuration etc), pénible à la longue même si du coup j'ai appris Python"
"2017/01/18 12:49:30 pm CET","6","1","6","","6","1","6","Très bon professeur, pédagogue et intéressant à écouter","5","1","3","","2","4","2","Sujet peu intéressant, trop restrictif donc difficile de se motiver à le travailler. Il faudrait pouvoir choisir librement son sujet.","6","6","6","","5","4","5","Sympathique pour commencer l'année","Oui","5","1","5","Intéressant","4","6","3","","Oui","6","3","6","","4","6","6","","Oui","4","3","4","La première partie était pertinente, mais la deuxième partie sur le SPARQL laisse à désirer","Non","","","","","Oui","5","1","6","","Non","","","","","Oui","5","5","6","","Non","","","","","Non","","","","","Non","","","","","Non","","","","","Oui","4","6","6","","Oui","4","5","4","","Oui","4","3","6","","Non","","","","","Non","","","","","Non","","","","","Oui","3","1","4","Manque d'accompagnement dans ce cours par le professeur","Non","","","","","Non","","","","","5","5",""
"2017/01/18 1:11:40 pm CET","5","5","5","Semestre intéressant, les cours d'anglais étaient plaisants.","5","1","5","Le cours est intéressant et bien présenté, mais l'écriture au tableau pose problème (écriture trop petite), et on passe trop de temps à essayer de déchiffrer les hiéroglyphes. Mettre en ligne les cours corrigerait ce problème.","4","3","4","La plupart des conférences sont assez intéressantes, et permettre d'apprendre des choses sur des sujets qui ne sont pas évoqués à l'Ensimag.","1","2","1","La matière pourrait être intéressante, mais la façon dont le cours est fait n'est pas bonne : les CM n'apportent aucune information liée au projet, les TD consistent à écouter tous les groupes raconter la même chose (tous les groupes ont le même sujet et présentent globalement la même chose). Le plus gros problème vient du choix du sujet : les sujets proposés cette année ne sont pas intéressants et ne donnent aucunement envie de s'investir. Peut-être que permettre aux groupes de choisir leur propre sujet pourrait corriger une partie des problèmes de cette matière.","5","5","5","Le cours est plutôt intéressant, et le système de notation permet de suivre les cours plus pour la culture personnelle que pour une note. Il pourrait être intéressant cependant de mieux présenter les outils nécessaires pour les expériences (docker, VM, etc.) pour ne pas passer plus de temps à essayer d'imbriquer des bouts de projet qu'à travailler réellement sur la partie sécurité.","3","2","2","La journée n'est pas forcément déplaisante, mais elle semble sortir de nulle part et n'apporte aucune information si l'on a déjà pratiqué les méthodes agiles (par exemple pour le projet GL ou le projet de spé).","Oui","4","3","4","Ce retour permet de soulever certains thèmes intéressants.","4","5","4","Il est difficile de noter ce cours puisqu'il se compose de deux parties n'ayant pratiquement aucun rapport.
La partie sur les systèmes d'information géographiques est plutôt bien présentée, surtout vu le peu de cours. J'ai en revanche un peu de mal à comprendre l'intérêt d'un cours et d'un TP noté sur un logiciel et un langage très spécifiques qui ne nous resserviront probablement jamais (Bonita).","Oui","5","3","6","","3","5","3","Je trouve le cours trop théorique pour quelque chose d'aussi pratique que les tests : il aurait été intéressant d'avoir un TP de tests unitaires ou d'avoir des conseils sur les bonnes pratiques de tests plutôt que de nous présenter plein de techniques théoriques. Le TP d'IHM devrait être remanié ou en tout cas mieux expliqué. Le cours assuré par des intervenants extérieurs sur l'intégration continue était intéressant et avait un format dynamique et rafraichissant.","Oui","4","4","3","La première partie du cours est intéressante et bien présentée.
Je n'ai pas trouvé la partie sur SparQL très intéressante, puisque c'est une technologie trop spécifique qui ne nous resservira très probablement jamais.
Les TP sur machine doivent être fait dans les salles machine, pas dans les salles de TD !!!!","Oui","5","4","4","","Non","","","","","Non","","","","","Oui","4","5","4","La plus grosse partie du projet a lieu après que j'ai remplit ce questionnaire, donc les notes ne sont pas forcément très représentatives.","Oui","6","6","5","Les cours sont réellement intéressants et bien expliqués. Tous les points sont présentés puis illustrés grâce à des exemples, ce qui donne un cours compréhensible et agréable à suivre.","Non","","","","","Non","","","","","Non","","","","","Oui","4","5","5","","Oui","4","5","4","","Oui","5","3","4","Le projet était intéressant. Il amené quelque chose qui n'est pratiquement jamais présent dans les projet de l'Ensimag : faire son projet en prenant en compte ce qu'il se passe dans les autres groupes. Le thème abordé est également intéressant.
Avoir un peu plus d'aide, ou plus d'informations sur les outils à utiliser pourrait être bien, vu le peu de temps disponible pour ce projet.","Non","","","","","Non","","","","","Non","","","","","Oui","3","4","4","La partie avec monsieur Mounie est largement perfectible : les cours sont trop peu structurés et les TP proposés devraient être fait à l'aide de la librairie choisie par le groupe, plutôt qu'avec une librairie imposése qui ne permet pas de s'entrainer pour le projet noté.
Je n'ai pas particulièrement apprécié la partie du cours avec HPE. Je pense cependant que cette partie est plutôt intéressante mais qu'il faudrait que le cours soit un peu mieux structuré et que les consignes soient plus claires.","Non","","","","","Non","","","","","2","4","Le sentiment global que m'a laissé ce semestre est plutôt mauvais : beaucoup de cours ne m'intéressaient pas, beaucoup de cours étaient trop spécifiques et concernaient des technologies très peu répandues qui ne nous resserviront jamais. (Bonita, SparQL, etc.).
Il est un peu triste que le cours qui m'ait le plus intéressé soit un cours de schème (droit et informatique).
Je pense aussi qu'il faudrait un peu revoir les emplois du temps (même si je me doute que c'est compliqué), car avoir 75% des cours de la semaine répartis entre le lundi et le mardi est assez dérangeant."
"2017/01/18 4:39:16 pm CET","4","2","4","","6","6","6","Le cours théorique est dynamique","6","6","6","Les conférences apportent des points de vue différents et connaissances du monde industriels. Très utile et intéressant.","1","4","1","Le cours n'est pas si mal conçu mais sa pertinence dans le cursus est moins visible. On fait semblant d'y faire de l'innovation. Il serait plus intéressant de vendre à l'oral des projets que l'on fait vraiment.","6","6","6","La pratique à la place de l'examen apporte beaucoup même si on y passe du temps. Donner un projet en octobre car en ISI tous les projets tombent en decembre/janvier.","6","6","6","Bonne initiative. Il faudrait aller plus loin et proposer cette journée à toutes les filières, puis un projet un mode agile au moins une fois dans le cursus.","Oui","6","6","6","Le partage d'expérience apporte énormement","3","3","3","Partie SIG : bien construite avec de la pratique et pertinente dans le cursus
Partie conception des processus : l'introduction au sujet peut paraitre utile mais le cours va trop loin. On perd notre temps à dessiner des schémas. On utilise Bonita en TP alors que ce logiciel n'a rien à voir avec les systèmes d'informations (au mieux il peut s'y interfacer...). Partie BPMN à supprimer.","Oui","6","6","6","Plus de crédit ECTS, 5 crédits pour 3 mois...","4","5","4","Plus de pratique (TP/TD) et moins de théorie. On n'a que peu de cours et on se perd lorsqu’on aborde rapidement les tests théoriques avec les machines à états et autre.","Oui","6","6","6","Plus de pratique ! (TP OWL, TD/TP partie indexation)
Partie indexation : Moins de détails sur les algorithmes, et aborder plus ce qui se fait maintenant, elasticsearch et lucene ?.
Partie sémantique : TP en SALLE MACHINE et pas sur nos ordinateurs personnels.","Non","","","","","Non","","","","","Oui","1","1","1","Ce cours faisait partie de mes options mais je n'ai pu y participer (ni escalade ni planche à voile), la cause étant la gestion des voeux...
Manque de communication et aucune réponse de l'administration à ce sujet.
Parait aussi que l'INP paye le SIUAPS seulement pour 1000 étudiants et que les autres finissent en multi-activité... pas pour moi !","Oui","6","6","6","Le projet n'a pas encore commencé mais le sujet qu'on a choisi et ce que les profs nous ont proposé semble pertinent et intéressant.","Oui","6","6","6","","Non","","","","","Oui","4","2","4","- Partie SQL : correcte, la théorie est abordée un peu dans tous les sens, survolée. Tout y est mais on s'y perd légérement. Trop peu de temps sur le TP et pas de retour la partie plan d'execution des requêtes que je ne comprends pas toujours.
- Partie Hadoop et Spark : excellente avec de la pratique
- Partie MongoDB et Neo4J : les TP sont  en parties des copiés collés des tutoriels officiels mais sont convenables. Cependant cela n'a rien à voir avec de la gestion de données à GRANDE échelle. A passer du S5 au S4.
- Partie R : Ce n'est pas de la gestion de données à grande échelle. A supprimer de cette option. Le traitement et l'analyse de données méritent une option à part entière pour ceux qui sont intéressés (certaines options 2a s'en rapprochent). Ici on perd notre temps à revoir des notions de stats ou de R de 1ere année ou survoler les notions de clustering et classification.","Non","","","","","Non","","","","","Oui","2","4","3","Ce cours est bien trop compliqué et trop éloigné du monde industriel.
Il faut au moins aborder moins de notions et de langages.","Oui","6","6","6","L'apprentissage par les projets est une excellente idée. Ce projet nous a bien était présenté et ce qu'il fallait faire était clair.","Non","","","","","Oui","6","6","6","Partie cours sur les protocoles internet intéressante. Peut-être ajouté un TP  ?
Partie réseau sans fil et mobiles remplacer par un projet qui nous à énormément apporté (les notions de réseaux sans fil et mobile ont déja était vu en réseau 1a).
Un point à améliorer serait l'enchainement des cours de réseaux 1a 2a et 3a, qui parfois abordent de nouveau des notions déjà vu. 
","Non","","","","","Non","","","","","Non","","","","","Non","","","","","4","4","- Emploie du temps déséquilibré sur le semestre : 20h de cours par semaine et rien à faire en octobre. On commence mi Novembre et trop de projet en décembre-janvier. Déplacer des projets du tronc commun en Octobre [intro. à la sécurité].
- Impression qu'il n'y a pas de cohérence entre les cours. Chaque prof présente son sujet, fait un cours, nous apprend des notions plus ou moins utiles. Pas mal de cours d'introduction. L'impression qu'on apprendrait autant en Iut. (je n'ai pas fait IUT). Il faut orienter la filière sur le BIG Data (ce qui se fait réellement !) dès la 2ème année.
- Plus de pratique : TP (et TD)
- Pouvoir prendre plus d'option même si cela a un coût pour l'école..."
"2017/01/18 6:00:39 pm CET","4","4","4","","5","5","5","Des cours intéressants qui présentent les enjeux des systèmes distribués, mais aucun projet, ni TP, ni TD. Cela manque cruellement, mais c'est compréhensible si les étudiants se retrouvent forcément à prendre une des options dans ce domaine (cloud avancé).","3","2","2","Pas toujours ciblé vers la filière ISI, des diapos illisibles la plupart du temps.","1","1","1","Supprimez cette matière tout simplement. Faire travailler une promotion entière pour trouver des idées pour des start-ups en manque d'inspiration est un non-sens dans l'objectif d'une quelconque formation pédagogique des étudiants. Aucun concept de management n'a été abordé. Aucun concept d'innovation abordé. Un cours de créativité qui fait son retour malgré l'inutilité flagrante de ces processus.

SOLUTION POSSIBLE : Remplacez ça par un cours de gestion de projet, avec une application associée, par exemple pour mettre en oeuvre les méthodes agiles, où l'évaluation de cette matière porte sur le suivi de ces méthodes (avec cas d'usage, etc.)

PS : L'innovation c'est pas quelque chose qui s'enseigne.","5","5","6","Cours intéressant mais dommage que ce ne soit qu'une introduction, il serait bien de sensibiliser tous les étudiants en filière ISI à la sécurité de ce qu'ils développent depuis la deuxième année au moins.","2","1","3","","Non","","","","","1","1","1","Partie SIG : cours et TP très intéressants, rien à redire.

Partie Conception et processus : un cours qui n'a pas sa place dans une formation d'ingénieur quelle qu'elle soit. Le clicodrome (ie. le logiciel) qui nous est présenté (à nouveau, via un TP directement copié du tutoriel officiel) ne semble utilisé par aucune entreprise vu l'absence de résultats de recherche sur internet. Le TP consiste en quelques étapes décrites par des captures d'écran floues à suivre pour obtenir ""la base"" de ce qui est en effet noté : rien. C'est à nous de découvrir ce qu'il est possible de faire avec le logiciel, quelque chose qui se révèle complètement inintéressant. Comme l'intégralité de cette partie de la matière ""Systèmes d'information - Conception et processus"".","Non","","","","","1","1","1","Un fourre-tout de papiers de recherche sur les tests basés sur les automates et l'inférence (les deux sans TP d'application, outre SIMPA, cf. plus bas). Aucun des concepts des tests logiciels qui sont appliqués en entreprise (quid. de l'intégration continue ? la place du test dans le développement logiciel ?). Un cours de test d'interfaces utilisateur dont on ne comprend pas trop la place vu l'orientation de la filière (systèmes distribués/cloud/grande échelle) et un cours/TP de test de performances basé principalement sur du réseau.

Le TP SIMPA que doit subir une partie de la promo est tout simplement scandaleux. Le professeur est au courant (d'une partie) des problèmes mais ne fait rien pour y résoudre, et n'accepte même pas les propositions des étudiants en ce sens. Il ne répond pas non plus aux e-mails, sous prétexte qu'il est trop occupé avec le projet GL. Les étudiants sont donc livrés à eux-mêmes devant un projet sans documentation qui ne compile pas, dans un domaine inconnu, et sans possibilité d'obtenir de l'aide. Les objectifs proposés initialement sont de plus sans apport pédagogique (rédaction de documentation ?), ce qui n'embellit pas le tableau.","Non","","","","","Non","","","","","Non","","","","","Non","","","","","Non","","","","","Non","","","","","Non","","","","","Oui","2","2","2","Une introduction par Claudia sur la distribution de données dans les bases relationnelles intéressante, un TP construit sur ce principe pour mettre en oeuvre les concepts présentés en cours.

Les cours sur Hadoop présentaient une bonne introduction à l'outil et à ses applications.

Cependant les cours sur MongoDB/Neo4j n'abordaient en rien le passage à l'échelle des bases de données, et les TP proposés étaient simplement copiés/collés depuis les tutoriels officiels des produits en question. Qui n'abordent pas non plus le passage à l'échelle.

La partie sur R a du mal à s'intégrer dans notre cursus d'ISI, et ça se ressent pendant les cours et TP. Le passage à l'échelle n'est pas concerné, uniquement l'aspect Machine Learning.","Non","","","","","Oui","5","5","5","Cours et TP intéressants, bien construits. Peut-être qu'un peu moins de diversité serait souhaitable pour approfondir les sujets abordés plus en profondeur.","Oui","6","6","6","","Oui","6","6","6","Un excellent projet, qui touche à tous les concepts des systèmes distribués (mais peut-être pas assez à la sécurité malgré le nom du projet), mais peut-être un peu court. Quelques jours de plus auraient été les bienvenus pour peaufiner le projet et pousser vraiment à fond les concepts associés. ","Non","","","","","Non","","","","","Non","","","","","Oui","5","5","5","Partie 1 : cours et projets très intéressants, permettent de mettre en oeuvre les concepts ""bas niveau"" des systèmes distribués (orchestration, démarrage, performances, tolérance aux fautes). Ce projet devrait faire partie de la matière principale.

Partie 2 : projet intéressant mais charge de travail démesurée, les étudiants n'ont qu'une simple introduction à OpenStack et doivent fournir un travail nécessitant beaucoup trop d'heures par rapport au coefficient assigné à ce projet pour atteindre l'objectif demandé. Pas la faute de la matière mais OpenStack n'est pas un projet mature, et cela prend du temps à corriger.","Oui","2","1","3","Concept d'introduire aux systèmes distribués par l'exemple intéressant, cependant le choix des composants Apache est très hasardeux. Le projet qui demande une charge de travail démesurée consiste plus à débugguer les produits Apache non compatibles entre eux, à l'installation bancale. Le projet ne nous laisse pas le temps d'explorer les vrais problèmes liés à au traitement de données à grande échelle, comme les questions de performance, d'installation, de failover, scheduling et tout ça, parce que les groupes sont trop occupés à écrire du Bash pour installer des .tar.gz. Les contraintes ""Pas de docker"" sont assez restrictives vis-à-vis de l'écosystème actuel dans le cloud, et bien que cela révèle ce qui se cache derrière ces technologies, ce n'est peut-être pas le plus valorisant pour notre formation.","Non","","","","","1","1","J'ai passé 6 mois à écrire du Bash pour installer des trucs. Je n'ai rien appris cette année. Heureusement que je fais un stage qui n'a rien en commun avec le contenu de cette 3A ISI, et j'espère ne jamais avoir à refaire ce genre de choses."
"2017/01/18 6:18:54 pm CET","6","5","5","La matière la plus agréable du semestre, en grande partie grâce à l'enseignante.","6","4","6","","4","5","5","","4","4","1","Une redite du module CECA, avec moins de temps pour travailler, moins de cohérence dans le projet et moins d'intérêt (en partie dû au fait que le projet support était dépassé).","4","5","5","Les cours sont très centrés autour de la cryptographie, avec un bon tiers déjà vu au cours des années précédentes. Je pense qu'il y a d'autres angles intéressants pour étudier la sécurité des SI.
Concernant les projets, le seule bémol réside dans le fait que nous n'avons pas eu de retour de la part du professeur.","4","3","5","","Oui","5","3","6","","6","5","5","Toutes les notes données concernent la partie SIG.
La partie BPM n'a pas sa place à l'Ensimag, du point de vue technique. Ce sont principalement des connaissances associées avec le management. Et le TP BonitaBPM est une infamie à base de clics de souris où changer la couleur d'un champ dans un formulaire rapporte des points.","Oui","6","4","6","","4","4","5","L'enseignement est pertinent mais les supports de cours sont peu clairs, et les TP associés au cours s'intéressent à des parties qui, de loin, sont les moins intéressantes. 
J'aurais préféré un TP traitant des tests mutants.","Oui","5","4","5","","Non","","","","","Non","","","","","Non","","","","","Non","","","","","Oui","6","6","5","","Non","","","","","Non","","","","","Non","","","","","Non","","","","","Oui","5","5","5","","Non","","","","","Oui","4","2","5","","Oui","5","4","6","","Non","","","","","Oui","5","4","5","","Oui","4","6","6","Projet nécessitant énormément (trop ?) de temps de travail personnel.","Non","","","","","3","3","Trop de projets centrés autour du déploiement. Très peu de code produit (c'est assez frustrant). Trop de management."
"2017/01/18 6:33:53 pm CET","5","5","3","","5","3","5","Les cours écrits sur tableau noir, c'est bien, écrire plus grand pour qu'on puisse voir c'est mieux :) Les schémas sont les éléments importants du cours et c'est quasiment incompréhensible quand c'est fait en direct sur le tableau. Il vaudrait mieux avoir des diapos pour montrer les évolutions qui ont lieu sur le schéma, au lieu d'effacer et de réécrire sur le schéma précédent.","4","4","4","","4","3","1","Je pense que comme la plupart des autres étudiants, nous ne voyons pas trop ce que ce cours viens faire ici ... un mélange de CECA, créativité, gestion de projet qu'on répète tous les ans, juste pour combler des ECTS.","4","4","5","Pourquoi faire un cours de sécurité en dernière année, alors que c'est un domaine assez important ? Selon moi c'est un cours qui devrait être fait en 1A ou 2A.","4","4","3","Je pense qu'en 3A on a compris ce qu'était les méthodes agiles, pas besoin d'en remettre une couche.","Oui","5","4","4","","4","4","4","La première partie sur les SIG était intéressante. La dernière partie sur BPMN/Bonita n'est pas le genre de choses que je m'attend à faire en dernière année d'école d'ingénieur; faire des diagrammes à partir d'un texte descriptif pour représenter un processus, il y a surement mieux à nous apprendre ...","Oui","5","5","5","","4","4","4","Comme pour le cours de sécurité, pourquoi nous apprendre ça en dernière année alors que ça aurait pu nous être utile dès la 1A/2A.","Non","","","","","Oui","3","3","3","Cours pas très intéressant, les amphis de 3 heures se résument à 20 minutes de cours, ensuite distribution d'un exercice avec des corrections toutes les 30 minutes pour des questions auxquelles on peut répondre en 5.","Non","","","","","Non","","","","","Oui","5","4","5","Le projet démarre après la date de ce questionnaire, ne pas prendre en compte les notes.","Oui","6","6","5","Cours intéressant et bien expliqué avec des exemples","Non","","","","","Oui","4","4","4","","Oui","5","5","4","Cours d'ACVL avancé, des exercices concrets ET corrigés intégralement ","Non","","","","","Non","","","","","Non","","","","","Oui","4","5","5","Ce n'est pas ce à quoi je m'attendais, le descriptif du projet et les projets des années précédentes laissait penser qu'il s'agissait de domotique avec réalisation d'une maquette de maison etc. Mais il s'agissait de réaliser un projet à échelle humaine afin de l'intégrer au nouveau FabLab. Çà peut être très intéressant pour ceux qui ont des idées et des connaissances en électronique, mais ça ne m'a pas intéressé personnellement.","Non","","","","","Non","","","","","Oui","4","3","4","Pas de commentaire sur la première partie du cours. Sur la deuxième partie avec les intervenant de HP pour la réalisation d'un projet Cloud, nous avons été lancé dans un projet très imposant alors que nous n'avions aucune idée de ce qu'il fallait faire et comment. Beaucoup d’incompréhension les premières semaines pour savoir par où commencer, très peu d'instructions. Ensuite, il est difficile de pouvoir se concentrer pendant 3 heures dans une salle minuscule (E212) quand elle est remplie.","Non","","","","","Non","","","","","2","3","Une troisième année un peu fourre-tout selon moi. On a presque plus rien d'intéressant à nous enseigner mais il faut quand même nous donner des cours pour nous faire patienter jusqu'au PFE."
"2017/01/18 11:38:01 pm CET","4","5","5","RAS. Charge de travail acceptable comparé en 2A.","6","3","6","Aucun support, mais excellent CM avec un professeur qui maîtrise son sujet et qui sait expliquer. J'apprécie beaucoup les résumés des cours précédents en début de CM. Dommage qu'il n'y ait que 7 séances car c'est à mon goût le cours le plus intéressant de cette année.","4","2","5","Dommage que certaines entreprises ne fournissent pas leurs slides pour nous aider à faire le rapport. Surtout que bon, étant donné qu'on prend en notes beaucoup d'éléments des conférences, la ""confidentialité"" est déjà compromise.
Sinon, les conférences sont dans l'ensemble intéressantes et la charge de travail (2 rapports sur 6 confs) est acceptable.","2","5","1","Que de redites par rapport aux cours de stratégie - marketing, de créativité, de gestion d'entreprise... on a l'impression d'avoir affaire à un ""best-of"" (ou pas) des cours de SHEME de 1A et 2A.
Franchement, je doute très fortement que de grandes idées ont émergé à partir de post-its de différentes couleurs, en suivant des étapes très rigides avec un temps limité : ça bride la créativité plus qu'autre chose, mais ce n'est que mon avis...
","5","4","4","Une bonne partie du cours fait doublon avec le cours de ""Codes et cryptographie"" de 2A, mais je suppose qu'on ne peut rien y faire puisqu'il s'agissait d'un cours en option. J'apprécie le nouveau format d'évaluation, mais je suis sceptique concernant la pertinence de l'évaluation par les pairs, je pense en effet que le professeur est mieux placé pour juger de la qualité des devoirs que des étudiants.","4","4","4","RAS, journée sympathique pour en apprendre plus sur les méthodes agiles.","Oui","4","4","5","J''ai apprécié les échanges de la table ronde, moins l'obligation du rapport à faire dont je doute de l'intérêt. Pourquoi ne pas en faire un cours à 0 ECTS (avec obligation d'assister à la table ronde) ?","4","4","3","Ce cours devrait être en option, du moins surtout la partie BPMN qui ne m'intéresse guère.
Pour le TP Bonita, il faudrait mieux préciser les critères attendus pour le rendu: on a plusieurs choix possibles, mais combien faut-il en faire pour avoir une bonne note ? Surtout que ce TP est fin janvier, période où on a plein de projets en même temps...","Oui","4","2","6","4=RAS, ce n'est pas un cours de l'Ensimag.
Pour ""Qualité des supports"", je sanctionne ici le manque d'informations (et quand on les obtient, leur obtention tardive) quant à la date du rendu, des soutenances, etc...","4","4","5","RAS. Le cours devrait peut-être être en 2A pour être mieux préparés à l'importance des tests avant le stage 2A.","Oui","5","3","5","Pas assez de séances de TD, mais cours intéressant.","Non","","","","","Non","","","","","Non","","","","","Non","","","","","Non","","","","","Oui","4","4","4","Le cours est un peu flou, j'ai l'impression qu'on répète beaucoup de choses déjà étudiées dans des séances précédentes. Mais sinon c'est un bon cours de culture générale. J'apprécie les moments où on met en relation le contenu du cours avec la vie politique actuelle.","Non","","","","","Non","","","","","Oui","3","5","4","Pas de problème particulier avec l'enseignement en lui-même, mais le cours est trop vaste à mon goût, on traite beaucoup de concepts différents (politiques de sécu, sécurité du code, modèles de protocole...) et c'est pas évident de traiter tout cela en 12 séances.
J'ai apprécié la disponibilité des corrigés des exercices et les TPs sont intéressants pour mettre en pratique ce qu'on apprend.","Non","","","","","Oui","4","4","4","Très difficile de mener ce projet à son terme en seulement 5 jours (un peu moins en réalité).","Non","","","","","Oui","4","5","4","On fait beaucoup de TD corrigés, c'est une très bonne chose car on se sent bien préparés pour l'examen.
Concernant l'enseignement, comme amélioration, je proposerais de s'intéresser aux problématiques des réseaux dans les clouds (Openstack par exemple, car en cours de Systèmes distribués, on devait faire un projet avec pas mal d'éléments de réseaux pas évidents du tout) ou autres infrastructures à grande échelle.
Pour le projet de la 2ème partie, on n'a ""pas eu de chance"" en choisissant un sujet qui n'est pas forcément facile à avancer pendant les heures de cours. Il faudrait s'assurer que chaque équipe puisse profiter de ces heures pour réaliser le projet.","Non","","","","","Oui","4","4","5","Le projet Openstack est une excellente idée, c'est très certainement mieux que de faire 100% de cours comme c'était apparemment le cas avant. J'ai appris beaucoup de choses, sur Openstack comme sur Docker.
Mais j'ai trouvé que le projet était extrêmement exigeant et chronophage, il faudrait peut-être guider un peu plus les équipes sur certaines parties et montrer ""la bonne façon de faire"" les choses (peut-être pendant une-deux séances de cours avant de commencer le projet, sur les fondamentaux des clouds, les problématiques rencontrées et les solutions envisageables, etc... au lieu des slides sur le devops).
Aussi, même si au bout d'un moment j'ai fini par comprendre, les distinctions infra-dev et Helion-Devstack-Moonshot-etc... étaient dures à assimiler et confuses. Il faudrait + insister sur ce point avant le début du projet.","Oui","4","3","5","Pas facile du tout de s'organiser à 8 ou 9 pour se rencontrer en dehors des heures de cours.","Non","","","","","4","3","Concernant l'équilibre, je trouve cela aberrant que le cours d'Innovation et Management compte autant que le stage 2A (qui devrait compter plus que 2 ECTS à mon avis)."
"2017/01/25 10:17:58 am CET","5","5","6","Speech is an excellent class.","6","6","6","","5","4","6","Intérêt du rapport?","1","1","1","A revoir complètement. Merci pour les jeudis après-midi de folie.","4","4","6","","3","4","4","","Oui","3","2","2","","4","3","4","","Non","","","","","2","1","4","De la théorie des tests inutiles?","Non","","","","","Non","","","","","Non","","","","","Non","","","","","Oui","3","4","6","","Non","","","","","Oui","5","5","4","","Oui","3","4","5","Trop d'intervenants différents","Oui","4","3","3","","Non","","","","","Oui","2","2","3","Un cours très compliqué dont on ne voit pas trop les tenants et aboutissants.","Non","","","","","Non","","","","","Non","","","","","Non","","","","","Oui","3","2","5","","Oui","6","6","6","Meilleur projet de ma vie.","Non","","","","","3","2","Trop de projets tombent au même moment, ce qui aboutit à une fin de semestre très très chargé."
"2017/01/25 10:19:13 am CET","1","2","2","","5","3","6","","4","3","6","","1","3","1","","5","5","6","","5","3","6","Coding Dojo ++","Non","","","","","4","5","4","","Non","","","","","3","2","6","","Non","","","","","Oui","5","5","6","","Non","","","","","Non","","","","","Oui","3","3","4","","Oui","6","6","6","","Non","","","","","Oui","5","4","6","","Oui","5","4","4","","Non","","","","","Non","","","","","Non","","","","","Oui","5","3","5","","Non","","","","","Non","","","","","Oui","5","3","6","","Non","","","","","Non","","","","","5","5","Trop de projets"
"2017/01/25 10:20:12 am CET","5","5","4","","5","5","6","Attention à écrire plus gros ! (vraiment)","3","4","1","Je suis un chouilla fatigué qu'on se fasse de la thune sur ma face en nous obligeant à venir à des séances de propagandes corpo.","1","1","1","J'ai préféré Management de l'innovation, dans cet ordre là c'est mitigé.","3","4","5","C'est pas ce à quoi je m'attendais pendant ce cours. Au lieu de faire des historiques de failles j'aurais préféré des exemples de bonnes pratiques à mettre en place dans la vraie vie.","1","1","1","On va pas se mentir, c'était gênant.","Oui","4","3","1","P'tite scrum-réunion, p'tite déception.","3","3","1","Matière fourre-tout. La partie sur Bonita est une honte à nos 5 années d'études dans le supérieur.","Oui","2","2","6","On a interrompu ma présentation avant la fin du temps qui m'était imparti, car l'examinatrice voulait aller manger (j'étais le dernier à passer).","3","3","5","Fourre-tout, pas de cohérence entre les différents cours.","Non","","","","","Oui","4","4","4","","Non","","","","","Non","","","","","Oui","5","5","5","","Oui","6","6","6","","Non","","","","","Oui","1","1","5","C'est dommage, encore une matière fourre-tout","Non","","","","","Oui","5","5","5","","Non","","","","","Non","","","","","Non","","","","","Non","","","","","Non","","","","","Oui","1","1","1","","Oui","4","4","4","","Non","","","","","1","1","Merci pour ce moment."
"2017/01/25 10:23:57 am CET","5","1","6","Pas de support","6","1","6","Pas de support.","4","6","5","Bonnes conférences :
- Michelin
- +++ INRIA
- Criteo

","1","1","1","Matière importante mais très mal enseignée.","4","5","5","Bon cours mais pas d'enjeux de partiel donc passivité des élèves.","6","6","6","","Oui","4","1","6","BEAUCOUP DE STRESS avant ce module alors que c'était simple et bienveillant. Pourquoi c'est compliqué à ce point de prévoir quelque chose d'aussi simple ??","3","1","3","Bonita c'est nul.
Le BPML c'est bon à connaitre.","Oui","6","6","6","","1","1","1","Annales de Partiel impossible même en ayant suivi tous les cours et avec les supports.
Projets nuls.
- SIMPA impossible
- test IHM mal défini
Projet meilleur
- test performances","Oui","2","3","6","","Non","","","","","Non","","","","","Oui","6","6","6","Le sport devrait être obligatoire en 3A.
J'ai du négocier avec Innovation & Management pour pouvoir aller au cours de sport où je m'étais inscrit avant de savoir que des modules Innovation & Management était le jeudi aprem.","Non","","","","","Non","","","","","Oui","6","6","6","Il en faudrait plus des enseignements SHEME comme ça.","Oui","5","4","6","Cours très fourni. On en retient des choses intéressantes.","Non","","","","","Non","","","","","Oui","6","6","6","Excellent support, TD & TP mais le cours est quand même compliqué.","Non","","","","","Oui","2","6","6","Cours pertinent mais de nombreux moyens mis en oeuvre pour pas grand chose. Des résultats plus ou moins convaincants selon les groupes. Peu de code pour nous car blocage au niveau des technologies.","Non","","","","","Non","","","","","Oui","1","1","1","NON","Oui","6","6","6","BEAUCOUP trop dur pour 1.75 crédits !!!!
Mais c'est très intéressant.","Non","","","","","3","2","Quid des systèmes d'information ?"
"2017/01/25 10:25:51 am CET","5","4","4","","6","4","6","Il n'y a pas réellement de support de cours. Le professeur écrit tout sur le tableau. Un petit résumé sous forme de diapo serait appréciable. ","6","6","6","Les conférences étaient vraiment variées et intéressantes.","2","5","2","Grosse déception. On ne voit pas très bien où l'on va. Aucun intérêt par rapport à ce que l'on fait. Il serait par exemple plus pertinent et intéressant d'associé cette matière à certains prochains. Je pense notamment au projet de Domotic avec lequel cette matière se marierai, je pense, très bien. Il s'agit plus d'un problème de forme que de fond.","6","6","6","","4","5","6","","Oui","6","6","6","C'est intéressant de pouvoir échanger avec d'autres étudiants sur la manière dont ils ont vécu leurs expériences en entreprise.","5","4","5","Un problème de forme sur la partie BPMN. Peut-être remplacer les exemples à base de livreur de pizza par de vrai situations en entreprise. Cela relèverai l'intérêt général.","Non","","","","","3","3","3","Beaucoup trop de slides. Beaucoup trop de concepts. On perd vite le file. Chose étonnante, on a écrit aucun tests unitaire. Revoir les TPs proposés (peut-être quelque chose de mieux structuré et dirigé).","Non","","","","","Oui","5","5","6","Cours très intéressant. Même si on a un eu l'impression vers la fin de refaire toujours la même chose. Peut-être qu'une introduction à un outils de modélisation d'architecture serait intéressante. ","Non","","","","","Non","","","","","Non","","","","","Non","","","","","Oui","6","6","6","Cours au top. Professeur qui sait donner de l'intérêt pour sa matière. Rien à changer. ","Oui","6","5","6","","Oui","5","5","5","","Non","","","","","Non","","","","","Non","","","","","Oui","5","1","6","","Non","","","","","Non","","","","","Oui","4","4","5","","Oui","5","5","5","","Non","","","","","6","6",""
"2017/01/25 10:26:29 am CET","2","2","2","Trop structuré, devoirs à faire, fiches/documents, .... 
Des séances de libres échanges/débats autour du sujet choisi suffirait.","5","5","5","Plus d'applications au cours de l'apprentissage serait appréciable pour mieux comprendre les concepts","5","5","5","Variées, souvent intéressantes, rien à redire","3","3","3","Chronophage","4","4","4","Bon nouveau système de notation, faire des TPs ?","4","4","4","","Oui","4","4","4","Intéressant de recueillir les experiences des autres","4","4","4","Plus de TPs, TD ""à la main"" peu utile","Non","","","","","4","4","4","TRES abstrait, il faut des TPs. TP Sympa à revoir entièrement voire remplacer","Non","","","","","Oui","5","5","5","","Non","","","","","Non","","","","","Non","","","","","Non","","","","","Oui","5","5","5","Très bon prof, très orienté culture générale, bien","Oui","5","5","5","","Non","","","","","Oui","5","5","5","Plus de TPs, et faire marcher le TP buffer-overflow","Non","","","","","Non","","","","","Oui","5","5","5","Choix de projet par technologie serait appréciable","Non","","","","","Non","","","","","Oui","5","5","5","","Oui","5","5","5","","Non","","","","","5","4","Beaucoup de travail à fournir et notamment difficile de synchroniser entre les différents projets"
"2017/01/25 10:43:18 am CET","5","5","4","","6","5","6","Un des cours les plus intéressants et pertinents de la matière ISI.","4","4","1","Quelques conférences sont agréables à écouter, mais je ne comprends toujours pas pourquoi on fait ça. Je veux bien croire que c'est pour nous orienter vers ce qui nous plaît en nous fesant découvrir différents domaines, mais si un élève ne sait pas ce qui lui plaît à sa 3è année, je le plains. Mais bon, l'argent parle...","3","3","1","C'est la troisième fois qu'on fait quelque chose de similaire dans le cursus. C'est amusant au début, très redondant à la fin. Je me suis bien amusé, mais je doute que cela concerne beaucoup d'élèves, seuls ceux qui veulent monter une start-up innovante sont concernés. Et ceux-ci auront déjà pris les options Management de l'Innovation en 1A, et CECA en 2A. Ce cours gagnerait à devenir optionnel.","5","5","5","Un cours agréable et assez pertinent","2","3","3","Peut être que je suis trop sérieux pour ça. Je douterai toujours de la pertinence des méthodes agiles, et je suppose que c'est plutôt quelque chose qu'on apprend en entreprise. C'est peut-être intéressant de le découvrir tout de même, mais ce cours était un peu bizarre ","Oui","5","4","4","Assez intéressant de voir les expériences des autres, ça permet de mieux s'orienter pour le choix du stage 3A.","2","2","2","Pas de 1 car la première partie sur les SIG était intéressante. La deuxième partie, en revanche, ne me paraît pas être un travail d'ingénieur.","Oui","1","1","6","Je ne sais pas trop quoi répondre, effectivemet mon stage était très mauvais, et effectivement c'est très pertinent","5","5","6","Une partie très importante, et assez bien réalisée","Oui","6","5","6","Très bon cours lorsque l'on s'intéresse au domaine. Les slides sur Chamilo ne sont pas toujours claires","Non","","","","","Non","","","","","Non","","","","","Oui","3","3","3","Pas vraiment d'enseignement, c'est juste un projet. Quant à la pertinence, pourquoi pas, bien que je l'aie choisi un peu par défaut. Effectivement cela fait retravailler plusieurs domaines étudiés dans l'année, bien qu'un peu redondant avec la partie SIG du cours de systèmes d'information","Oui","6","6","6","Très bien, intéressant, bien enseigné et utile","Non","","","","","Oui","5","4","6","Intéressant quand on travaille dans le domaine, encore une fois. La deuxième partie est très (trop) mathématique, cela m'intéresse, mais nous sommes rares... Les supports sont parfois durs à lire.","Non","","","","","Oui","5","5","5","C'est utile et itnéressant.","Non","","","","","Non","","","","","Non","","","","","Non","","","","","Non","","","","","Oui","2","2","2","La satisfaction est quelque chose de relatif, je fais donc savoir mon avis. Certes, ça peut être sympa, mais la deuxième partie sur openstack était assez catastrophique en terme d'organisation, les serveurs n'arrêtaient pas de crasher, et ça sent le sponsoring à plein nez. La première partie était assez scandaleuse aussi. On appréciera tout de même l'effort des intervenants HP, extrêmement disponibles.","Oui","3","3","5","Bien que ça fasse beaucoup d'efforts pour pas grand chose. Ici seule la pertinence compte.","Non","","","","","1","1","Certaines matières demandent des centaines d'heures de travail, d'autres sont très expéditives, d'autres extrêmement inintéressantes.
J'ai l'impression de m'être perdu cette année. Même si j'ai mis des notes plutôt bonnes sur certains cours, en essayant de rester objectif, mais je ne compte absolument pas travailler dans aucun des domaines présentés cette année, et le fait que cela demande une telle quantité de travail est assez déprimant. Les professeurs sont très compétants et cela se ressent, mais je n'ai aucun intérêt pour les matières enseignées.
C'était de loin la pire année de ma scolarité, et j'ai fait une classe préparatoire..."
"2017/01/25 11:00:40 am CET","5","5","5","","6","6","5","","3","3","3","","1","1","1","","5","4","5","","2","2","2","","Oui","3","3","3","","3","4","4","","Non","","","","","2","2","3","","Oui","4","3","5","","Oui","3","3","1","","Non","","","","","Non","","","","","Oui","3","3","5","","Oui","6","5","5","","Non","","","","","Oui","5","4","5","","Non","","","","","Non","","","","","Non","","","","","Non","","","","","Non","","","","","Non","","","","","Non","","","","","Oui","3","2","3","","Oui","3","3","3","","Non","","","","","4","3",""
"2017/01/25 2:17:59 pm CET","5","5","6","","6","6","6","","5","4","5","","3","3","3","Le but du module est certes intéressant, mais je trouve qu'il n'est pas pertinent de l'avoir en 3A, et je trouve qu'il ne doit pas y avoir des restrictions sur les sujets pour donner lieu à plus d'innovation, et pour présenter de réelles opportunités de création d'entreprise.","6","6","6","","5","5","5","","Non","","","","","6","5","4","J'aurai préféré plus de TDs au lieu du TP BONITA.","Non","","","","","5","5","6","Des séances de TDs pour la première partie du cours seraient souhaitables. Le projet de test d'IHM était un peu ambigü.","Oui","6","6","6","","Oui","5","5","6","","Non","","","","","Non","","","","","Oui","5","5","6","Évaluation biaisée, car challenge non encore fini. ","Oui","6","6","6","","Non","","","","","Oui","6","5","6","","Non","","","","","Non","","","","","Non","","","","","Non","","","","","Non","","","","","Non","","","","","Oui","5","4","5","Si un test de diagnostique de niveau avait eu lieu, des catégories des étudiants d'échange suivant leur niveau en anglais auraient émergées, et puis les vitesses des cours auraient été différentes pour chacune des catégories. Quelques catégories peuvent être dispensées alors que d'autres ont besoin de plus de séances de préparation.","Oui","4","4","6","","Oui","6","6","6","","Non","","","","","5","5",""
"2017/01/25 3:01:21 pm CET","5","5","4","","6","3","6","","5","3","5","","4","2","1","Ce cours semble inutile vu l’existence de cours similaires en 1A et 2A.","5","5","5","","5","4","6","","Oui","5","4","4","Les questions ne sont pas vraiment adaptées à ce module","5","5","5","","Oui","4","1","5","Le stage est difficile à trouver compte tenu de la durée du stage. Les informations concernant le stage et les soutenances étaient insuffisantes ou contradictoires.","5","5","5","","Oui","5","5","4","","Oui","5","2","5","Le mode de notation est inadapté : 100 % de la note sur une présentation PowerPoint. Les informations concernant le rendu n'ont été qu'orales : des personnes n'ayant pas pu assister au cours dans lequel les informations étaient détaillées sont passés à côté de la date limite du projet et ont été pénalisés pour la constitution des équipes. L'envoi (a minima) d'un mail d'information ou la création du projet sur TEIDE aurait été souhaitable.","Non","","","","","Non","","","","","Non","","","","","Oui","6","6","5","","Non","","","","","Oui","5","5","5","","Non","","","","","Oui","5","4","3","","Oui","5","5","4","","Oui","5","5","5","","Non","","","","","Non","","","","","Non","","","","","Non","","","","","Non","","","","","Non","","","","","3","2","L'emploi est toujours déséquilibré. A certaines périodes, très peu de cours et peu de projets. Les projets s'accumulent en même temps. Il faudrait également prendre en compte la provenance des élèves : si certains sont admis sur titres, d'autres viennent de classes préparatoires et il est risible de faire des cours sur les vecteurs et d'imposer la présence des élèves."
"2017/01/25 3:39:44 pm CET","4","4","4","","3","2","6","- Cours très intéressant et primordial dans notre cursus
- Manque EVIDENT de TD pendant ce cours
- Schéma et écriture au tableau parfois peu clair","2","2","3","Pour l'instant seules les conférences de Wavestone et INRIA ont capté mon attention et ce pour plusieurs raisons :
- 3H d'un coup c'est vraiment long en fin de semaine
- Des intervenants parfois monotones (je ne blame personne mais c'est un fait)
- Des diapos parfois illisibles (jaune sur blanc / blanc sur jaune..)
","1","1","1","Fait doublon avec Création, CECA, Management de l'Innovation, Gestion de l'entreprise etc... Enfin un paquet d'autres matières de notre cursus ","5","5","5","Le format choisi pour la notation est vraiment le meilleur et le plus instructif.","6","6","6","Merci M.Moy et les intervenants pour cette journée ! Intéressant, divertissante et instructive","Oui","3","3","3","","2","2","2","SIG : TB avec le TP
BPM: Rien à voir avec notre cursus, TP inutile et pourtant long : pourquoi ne pas rendre un diagramme en .bos pour que les professeurs puissent l'ouvrir au lieu de devoir faire des screenshot de chacune des étapes. Je veux bien qu'on y mette du notre malgré l'ennuiement que provoque cette matière mais les professeurs sont amenés à faire de même en prenant en compte le réel travail effectué et non des captures d'écran comme on pourrait le faire pour un tutoriel.
Pour le partiel je vais devoir prendre des photos de ma copie ou rendre la copie ?","Oui","3","3","3","J'ai déjà mis mes remarques durant mon REX, il faut peut être faire de la vérification sur l'encadrement des tuteurs pendant le stage","1","1","1","Intéressant mais :
- TP SIMPA qui est l'incarnation de tout ce qu'on ne doit pas faire en developpement logiciel : pas documenté, aucun README, ne compile pas en l'état, aucun pom.xml / ant / graddle enfin un sac de NOEUDS pour lequel on doit passer plus de temps à debugger/lancer des executions qu'à tester. 

De plus ce qui est vraiment GRAVE : le professeur (M.Groz je vous vise clairement) absent cherche des excuses du genre ""ah je n'ai pas vu que chamilo avait changé la plateforme pour le forum"" etc. M.Grozn, vous n'avez pas mis un seul pied sur ce forum, répondu à aucun email et lorsque nous venons vous parler de vive voix des problèmes qu'engendrent ce projet, vous nous rétorquez que vous n'avez pas le temps de vous en occuper avec le Projet GL.

- Cours brouillon mêlant des notions très compliquées résumées en quelques points sur un slide. De plus aucun TD

Aucune notion d'environnement réel mis en production dans les entreprises etc, bref très déçu de ce cours !","Oui","4","3","5","Cours hyper intéressant sur la partie Recherche de l'Information (manque quelques exercices mais sinon très bien) 

Cours web sémantique : ennui total dû aux slides qui sont trop remplies d'url, de notations etc. ","Non","","","","","Non","","","","","Non","","","","","Oui","4","5","5","Projet encore non réalisé (enfin pas totalement) mais il arrive TROP TARD dans le semestre : juste après tous les rendus de projet et juste avant les partiels.

Une solution serait d'incorporer ce projet dans la matière SICP ou alors de faire une intersection nulle entre les élèves faisant le projet CIS et OpenData pour pouvoir mettre les projets en même temps ","Oui","5","6","6","Seul souci : a lieu le lundi à 17h30 après 3h d'amphi avec 30 min de battement qui ne servent à rien ","Non","","","","","Oui","3","1","5","Matière fourre tout et trop AMBITIEUSE. On est loin du rêve vendu dans la description de la matière malheureusement...
- Base de données réparties: professeure parle et passe trop vite sur ses slides donc aucune possibilité de suivre réellement le cours
- NoSQL: Cours inintéressant et les TP sont ceux de l'introduction des logiciels (on en est vraiment à ce point ?). 
Par contre projet c'est nous qui devions créer la base de données ?!  Bref 3/4 du temps s'est passé sur la création de la base et non sur les requêtes/
- Hadoop/Spark : meilleure partie du cours vraiment

- DataMining: 
Professeure sur les nerfs qui ne loupe pas une occasion de s'énerver sur un élève après la moindre question. En quelques séances, nous passons sur des algorithmes/méthodes qui prendraient normalement beaucoup plus de temps à étudier. TP fait complètement à l'arrache. 
Et pourquoi ne pas mettre vos PDF sur Chamilo ?! Ce support ne sert à rien sinon 

Remarque Générale: Par pitié, faites de la qualité plutot que de la quantité sur ce cours !","Non","","","","","Oui","4","2","4","Ressemble un peu trop à SAP mais reste quand même beaucoup plus intéressant.
Plus d'exercices serait profitable pour tout le monde sinon Bien","Non","","","","","Non","","","","","Non","","","","","Non","","","","","Non","","","","","Oui","2","2","5","Systèmes distribués: Cours un peu approximatif et TP agés de plus de 3 ans ne marchant qu'à moitié..
Projet un peu loufoque sur le make distribué : le framework tiré au sort va déterminer votre temps passé sur ce projet. De plus aucun guide pour grid5000 qui fait perdre beaucoup de temps pour juste du déploiement ....

Cloud avancé: Intervenants TRÈS INVESTIS (beaucoup plus que la majorité des professeurs à l'Ensimag malheureusement et ça fait plaisir de voir ce genre de personne dans notre cursus, ça manquait énornémement)
Il faudrait plus d'aiguillage dans le projet sur quel architecture choisir, quel outils, etc... La vidéo est par contre un support qui répond à beaucoup de questions, ça serait bien de la montrer dès le début pour fixer les idées.
","Oui","3","2","5","Dommage que la majeure partie du temps soit sur le déploiement des outils sur les machines.
Une trop grande partie du projet est sur la résistance aux pannes et non sur le traitement des données.
Il faut faire des groupes de 4/5 personnes maxi par contre : c'est difficile de travailler à plusieurs sur 3 machines + travail difficilement divisible bref je me suis personnellement tapé la majeure partie du projet ","Non","","","","","1","4","Globalement très très très déçu de cette troisième année (tout comme la deuxième année comme nous avons pas eu de questionnaire l'an dernier), c'est dommage : 
peu de TD/TP en début de semestre (et même aucun dans des matières comme en ARC, GDGE, ... Je pensais que expérience et pratique allaient être les maîtres mots de cette année) , 15h-20h de cours maximum par semaine (j'aurais préféré avoir plus de matières ou alors rassemblez les cours pour faire des semaines plus chargées pour commencer le stage avant), des matières pour lesquelles on s'interroge sur l'utilité (comme BPM ou Management de l'Innovation), des professeurs clairement non appliqués (M.Groz, bonjour).


"
"2017/02/05 10:50:53 am CET","6","6","6","C'est la première fois du cursus à l'ENSIMAG où j'ai envie d'aller en cours d'anglais !","5","5","5","","5","5","6","L'intérêt de rendre des comptes-rendus me semble limité","2","2","1","Un cours qui semble improvisé du début à la fin, même le concours final, pourtant planifié depuis le début a laissé cette impression ! La charge de travail demandée à ceux qui veulent s'investir réellement dans le projet est très conséquente et absolument pas reconnue. C'est dommage, l'idée initiale est originale et s'inscrit bien dans un cursus de formation d'ingénieurs.","6","6","6","Le système de notation adopté cette année a été très instructif pour tout le monde !","5","5","6","Cette journée est pertinente dans le cursus, mais il faudrait que globalement, à l'ENSIMAG, on apprenne d'autres façons de gérer les projets qu'en Agile. Certes c'est utilisé, mais il n'y a pas que ça qui est utilisé et surtout en ne formant les étudiants qu'à ça, vous ne les préparez pas à d'autres modes de gestion de projets que l'on peut rencontrer en entreprise. J'avais un gros à priori sur cette journée mais au final, j'ai adoré : bravo !","Oui","4","4","5","Si la discussion en petit groupe sur les expériences de chacun est intéressante et enrichissante, le rapport à rendre me laisse dubitatif. Nous sommes à la fin du semestre et je n'ai toujours pas compris son intérêt.","5","6","5","Serait-il possible de passer sur un logiciel plus efficace et moins aléatoire que Bonita pour le TP ?","Non","","","","","5","5","6","Enseignement très pertinent, mais trop abstrait pour une première approche dans le cursus. Professeur et intervenants qualifiés !","Non","","","","","Non","","","","","Non","","","","","Non","","","","","Oui","6","6","6","Un projet où l'on nous demande de réfléchir, faire de l'intégration et ne pas réinventer la roue !","Oui","6","6","6","Cours très adapté à la formation avec une enseignante motivée !","Non","","","","","Oui","5","6","6","Beaucoup trop de notions survolées pendant le semestre. Cela rend le cours un peu brouillon et difficile à réviser, mais il est très cohérent avec les sujets abordés les années précédentes et nous permet d'élargir l'horizon des possibles. Mieux planifier les TP de R aurait été agréable, en cette fin de semestre, les membres du groupe 1 n'ont guère pu se permettre de perdre des heures de travail sur les projets et n'ont pas pu réellement faire le TP.","Non","","","","","Oui","5","5","5","Cours un peu redondant avec l'introduction à la sécurité mais bien construit et pertinent.","Oui","5","5","5","Cours difficile à appréhender mais très intéressant. Il faudrait le rendre moins touffu et s'orienter vers plus de pratique du langage LNT qui n'a rien d'intuitif pour un informaticien !","Non","","","","","Oui","5","5","5","Projet d'intégration bienvenu car très libre et pendant un laps de temps qui permet de réellement approfondir les choses ! L'approche Agile demandée n'apporte rien et fait perdre du temps, le créneau horaire est très peu pratique.","Non","","","","","Non","","","","","Oui","4","5","5","Cours pertinent mais en demie-teinte. Le projet en partenariat avec HPE est (vraiment) intéressant et qualifiant même alors que le projet distribué sur Grid5000 en revanche ne me semble pas apporter grand chose par rapport à de la programmation multi-thread et demande un investissement en temps trop conséquent.","Non","","","","","Non","","","","","5","2","Beaucoup trop de projets qui nous poussent à devoir choisir entre travailler ou réviser. Vu qu'ils sont tous en groupe, on ne peut même pas assumer le fait de moins s'investir sur un projet car cela va pénaliser tout le groupe (ou alors c'est un autre membre qui va assumer la charge de travail que l'on ne fait pas, ce qui fait que beaucoup de projets ont été réalisés par 30 à 50% des membres du groupe !). C'est en ce sens que je trouve les modules non équilibrés. En revanche, j'apprécie la volonté de l'équipe pédagogique à vouloir ouvrir nos horizons et à nous sortir de la programmation pure et dure avec des cours comme le REX, PILBI ou la journée Agile. Il faudrait revoir les ECTS des matières en incluant le temps de travail sur les projets dedans car certains petits coefficient demandent plus de travail que d'autres gros."
"2017/02/10 2:03:43 pm CET","2","4","2","","4","4","4","","4","4","4","","1","2","1","A supprimer, perte de temps. Il y a mieux à faire !","6","4","5","","3","4","4","","Oui","3","3","3","","3","3","3","Partie systèmes géographiques : super. Partie modélisation de processus : facile ça passe, exam pas trop long c'est bien, mais ça ne sert strictement à rien de nous vendre des technologies foireuses développées par nos amis les enseignants-chercheurs de l'Inria .. pas assez de budget pub faut croire ?!
Et pour le logiciel bonita on n'en parle même pas, ce truc est d'une inutilité honteuse ..","Oui","3","3","3","","2","2","2","Beaucoup trop de théorie, très peu de pratique, un exam sur des notions que personne n'utilisera jamais à 99%. Pourquoi ?!","Non","","","","","Oui","3","4","4","Un projet à rendre sans aucune organisation, envoi par mail des slides pdf en tant qu' ""évaluation"" ..","Oui","2","3","1","La LV2 à l'école ça ne sert à rien, perte de temps. Il faudrait soit un format original (mises en situation par exemple sous forme de jeu théatral ou autre) soit d'autres idées novatrices mais le format de cours 1h30 par semaine ne permet pas de progresser au de la du niveau débutant-moyen ! Une grosse perte de temps et beaucoup de travail pour rien ! Surtout par rapport à d'autres choses comme le droit.","Non","","","","","Oui","5","4","5","","Oui","5","5","5","","Non","","","","","Oui","4","4","4","Pas mal mais exam interminable, questions hyper longues en requetes MongoDB / Neo4j et partie Data Mining méga longue .. plus long qu'avant pour moins de temps avec le passage au format d'exam 1h30 !! C'est n'importe quoi, j'ai bien compris cette matière mais ce n'est clairement pas avec ce genre de connerie qu'on valide son année, paradoxalement dans d'autres matières ou l'on a rien fait on a parfois des exams hyper simples de durée normale .. wait, what ?","Non","","","","","Oui","3","3","3","","Non","","","","","Non","","","","","Non","","","","","Non","","","","","Non","","","","","Oui","3","3","4","Projet make : Ok, par contre mieux vaut bien choisir son framework pas se lancer sur n'importe quoi.
Projet HP : what ? C'est quoi le délire ils essaient de nous former pour venir chez eux ou quoi ? Il y a sûrement d'autres choses plus intéressantes que l'étude d'openstack, sauf si on compte devenir devops là-dessus je vois pas ...
Aussi la difficulté et le travail requis semblent largement exagérés, faut qu'ils se calment ces types, pire que des profs","Oui","4","3","4","beaucoup trop de travail pour le nombre d'ECTS, belle arnaque surtout quand l'autre moitié de la team se tourne les pouces
Intéressant mais on passe surtout son temps à faire des scripts bash :/","Non","","","","","2","6","On m'a fait redoublé la 1A pour cause de taules en maths. J'utiliserai jamais ce que je me suis pris la tête à bosser en 1B et je n'ai plus eu à vraiment travailler comme en 1A - 1B les deux dernières années .. qu'est-ce que je fais dans cette école déjà ? Honnêtement aucune idée, mais tout le monde m'a dit d'y venir .. mort au système français, aux DRH qui ne jurent que par les bac+5 et j'en passe"
"2017/02/10 2:26:31 pm CET","5","6","5","","3","2","6","","6","6","6","","5","6","5","","6","6","6","","5","6","6","","Oui","6","6","6","","6","6","6","","Non","","","","","6","4","6","","Oui","5","4","6","","Non","","","","","Non","","","","","Non","","","","","Non","","","","","Oui","4","4","6","","Non","","","","","Oui","5","5","6","","Non","","","","","Oui","5","3","6","","Non","","","","","Oui","6","6","6","","Oui","6","6","6","","Non","","","","","Oui","6","6","6","","Oui","2","2","6","","Non","","","","","Oui","6","6","6","","6","5",""
"2017/02/10 10:51:13 pm CET","4","4","6","Quite good as usual","5","5","6","Sans nul doute le seul cours digne de ce nom en 3A ISI (même s'il ne suffit pas à sauver le désastre). ","3","4","5","Dommage que plus de la moitié des conférences étaient difficilement intéressante, pas forcément au niveau du contenu, mais des intervenants. Les 4 et 5 étaient vraiment biens.","1","2","1","On prends les SHEME de 1ère et de 2ème année, on mélange le tout et on sort une nouvelle matière inutile, répétitive, et ennuyante (non pas ennuyeuse) pour les élèves.","4","4","4","Je n'ai pas trop suivi le cours, mais les projets en revanche permettait une meilleure approche de la matière.","5","5","4","Heureusement que Matthieu Moy sauve le truc. L'Agile on en bouffe, mais en entreprise, on se rend compte que ça ne marche pas si bien que la théorie.","Oui","4","4","2","Ça ne servait pas à grand chose, le retour ayant déjà été fait entre camarades de promo. C'était surtout une redite comme je connaissais une partie des gens de mon cours.","2","5","2","Le SIG était sympa, même si ça aurait plus sa place dans une conférence plutôt qu'un cours. J'ai trouvé la partie SIG au partiel complètement inappropriée.
En revanche, le BPMN … Comment dire, si ce n'est que ça n'a strictement rien à faire ici, et encore moins dans le tronc commun !! À la rigueur, en SHEME, mais c'était se moquer du monde, et je ne parle même pas du projet, la plus grosse blague de ma scolarité Ensimag (tout comme la 3A ISI était un désastre général)","Oui","6","6","6","Ça n'est pas un cours","2","2","3","Le cours était pas très prenant, ni intéressant, et le projet SIMPA était un scandale, il n'y a pas d'autre mot.","Oui","4","4","5","L'enseignement était correct, surtout la première partie.","Oui","1","2","2","Inutile.","Non","","","","","Non","","","","","Non","","","","","Oui","6","5","6","Du SHEME comme on en fait pas assez à l'Ensimag. Une enseignante géniale et des cours intéressants.","Non","","","","","Non","","","","","Non","","","","","Oui","3","4","4","Ça aurait pu être mieux, mais Marie-Laure Potet  a sérieusement du mal à rendre son cours intéressant, et ce depuis la 1A.","Oui","4","6","5","Cours intéressant, même si les slides sont lues dans le cours qui ne nécessite pas trop d'être présent de fait.","Non","","","","","Oui","3","3","5","Ça aurait pu être génial si ce n'était pas une grosse arnaque ! La description du projet est fausse, on croit qu'on va faire de la domotique, et on se retrouve cantonné à ""améliorer"" la vie au fablab.
Fablab qui n'est jamais ouvert car les enseignants ne sont jamais là, et ne préviennent pas. C'est un peu scandaleux, notamment la semaine pré-soutenance, où 7 tentatives sur 3 jours consécutifs sont nécessaires pour terminer son projet.","Non","","","","","Non","","","","","Oui","3","3","4","Mi-figue, mi-raisin, la première partie avec Grégory Mounié est bien, avec un projet (un des seuls projet où j'ai pu coder en autre chose que du bash, pour dire le désastre de la 3A ISI) intéressant.
La partie avec HP … no comment.","Oui","4","3","4","Un projet très lourd, trop lourd, avec une équipe bien trop nombreuse, ce qui s'avère plus contre-productif qu'autre chose, vu la disparité des profils entre les élèves. On se retrouve avec deux-trois qui font tout, et le reste à la ramasse derrière.","Non","","","","","1","1","Cette année est juste un désastre, et restera dans ma mémoire comme la pire année scolaire de toute ma vie. Passer 4 mois sans coder autre chose que du bash, passer tout son temps à faire des projets de déploiement, c'est barbant pour ne pas dire autre chose.
À tous les 2A ISI qui me demandent, je les préviens de changer de filière pour le dernier semestre histoire, éviter un truc pareil.
Sérieusement, le BPMN ? Le projet SIMPA ? Ça se passe presque de commentaire.
J'ai juste perdu un semestre de ma vie, et je sais ne pas être le seul. J'en suis arrivé au point d'être dégouté de l'informatique, heureusement que le PFE va rattraper les dégâts."